[{"appid":1174180,"name":"Red Dead Redemption 2","logo":"https:\/\/media.st.dl.pinyuncloud.com\/steam\/apps\/1174180\/capsule_184x69.jpg","has_adult_content":1,"friendlyURL":1174180,"availStatLinks":{"achievements":true,"global_achievements":true,"stats":false,"gcpd":false,"leaderboards":false,"global_leaderboards":false},"hours_forever":"264","last_played":1587437549},{"appid":570,"name":"Dota 2","logo":"https:\/\/media.st.dl.pinyuncloud.com\/steam\/apps\/570\/capsule_184x69.jpg","friendlyURL":false,"availStatLinks":{"achievements":false,"global_achievements":false,"stats":false,"gcpd":true,"leaderboards":false,"global_leaderboards":false},"hours_forever":"158","last_played":1585934826},{"appid":730,"name":"Counter-Strike: Global Offensive","logo":"https:\/\/media.st.dl.pinyuncloud.com\/steam\/apps\/730\/capsule_184x69.jpg","friendly_name":"CSGO","friendlyURL":"CSGO","availStatLinks":{"achievements":true,"global_achievements":true,"stats":false,"gcpd":true,"leaderboards":false,"global_leaderboards":false},"hours":"19.0","hours_forever":"128","last_played":1590231195},{"appid":431960,"name":"Wallpaper Engine\uff1a\u58c1\u7eb8\u5f15\u64ce","logo":"https:\/\/media.st.dl.pinyuncloud.com\/steam\/apps\/431960\/capsule_184x69.jpg","friendlyURL":431960,"availStatLinks":{"achievements":true,"global_achievements":true,"stats":false,"gcpd":false,"leaderboards":false,"global_leaderboards":false},"hours":"0.7","hours_forever":"112","last_played":1590201666},{"appid":477160,"name":"Human: Fall Flat","logo":"https:\/\/media.st.dl.pinyuncloud.com\/steam\/apps\/477160\/capsule_184x69.jpg","friendlyURL":477160,"availStatLinks":{"achievements":true,"global_achievements":true,"stats":false,"gcpd":false,"leaderboards":false,"global_leaderboards":false},"hours_forever":"81","last_played":1586705523},{"appid":644560,"name":"Mirror","logo":"https:\/\/media.st.dl.pinyuncloud.com\/steam\/apps\/644560\/capsule_184x69.jpg","has_adult_content":1,"friendlyURL":644560,"availStatLinks":{"achievements":true,"global_achievements":true,"stats":false,"gcpd":false,"leaderboards":false,"global_leaderboards":false},"hours_forever":"77","last_played":1586007389},{"appid":271590,"name":"Grand Theft Auto V","logo":"https:\/\/media.st.dl.pinyuncloud.com\/steam\/apps\/271590\/capsule_184x69.jpg","has_adult_content":1,"friendlyURL":271590,"availStatLinks":{"achievements":true,"global_achievements":true,"stats":false,"gcpd":false,"leaderboards":false,"global_leaderboards":false},"hours":"4.4","hours_forever":"76","last_played":1589950043},{"appid":203160,"name":"Tomb Raider","logo":"https:\/\/media.st.dl.pinyuncloud.com\/steam\/apps\/203160\/capsule_184x69.jpg","friendly_name":"TombRaider","friendlyURL":"TombRaider","availStatLinks":{"achievements":true,"global_achievements":true,"stats":false,"gcpd":false,"leaderboards":false,"global_leaderboards":false},"hours_forever":"70","last_played":1586007389},{"appid":289690,"name":"Lara Croft and the Temple of Osiris","logo":"https:\/\/media.st.dl.pinyuncloud.com\/steam\/apps\/289690\/capsule_184x69.jpg","friendlyURL":289690,"availStatLinks":{"achievements":true,"global_achievements":true,"stats":false,"gcpd":false,"leaderboards":false,"global_leaderboards":false},"hours_forever":"70","last_played":1586007389},{"appid":346110,"name":"ARK: Survival Evolved","logo":"https:\/\/media.st.dl.pinyuncloud.com\/steam\/apps\/346110\/capsule_184x69.jpg","friendlyURL":346110,"availStatLinks":{"achievements":true,"global_achievements":true,"stats":false,"gcpd":false,"leaderboards":false,"global_leaderboards":false},"hours_forever":"70","last_played":1586007389},{"appid":420740,"name":"The Deed","logo":"https:\/\/media.st.dl.pinyuncloud.com\/steam\/apps\/420740\/capsule_184x69.jpg","friendlyURL":420740,"availStatLinks":{"achievements":true,"global_achievements":true,"stats":false,"gcpd":false,"leaderboards":false,"global_leaderboards":false},"hours_forever":"70","last_played":1586007389},{"appid":442070,"name":"Drawful 2","logo":"https:\/\/media.st.dl.pinyuncloud.com\/steam\/apps\/442070\/capsule_184x69.jpg","friendlyURL":442070,"availStatLinks":{"achievements":true,"global_achievements":true,"stats":false,"gcpd":false,"leaderboards":false,"global_leaderboards":false},"hours_forever":"70","last_played":1586007389},{"appid":555000,"name":"GOAT OF DUTY","logo":"https:\/\/media.st.dl.pinyuncloud.com\/steam\/apps\/555000\/capsule_184x69.jpg","friendlyURL":555000,"availStatLinks":{"achievements":true,"global_achievements":true,"stats":false,"gcpd":false,"leaderboards":true,"global_leaderboards":true},"hours_forever":"70","last_played":1586007389},{"appid":1060320,"name":"One Drop Bot","logo":"https:\/\/media.st.dl.pinyuncloud.com\/steam\/apps\/1060320\/capsule_184x69.jpg","friendlyURL":1060320,"availStatLinks":{"achievements":true,"global_achievements":true,"stats":false,"gcpd":false,"leaderboards":false,"global_leaderboards":false},"hours_forever":"70","last_played":1586007389},{"appid":1011300,"name":"UNI","logo":"https:\/\/media.st.dl.pinyuncloud.com\/steam\/apps\/1011300\/capsule_184x69.jpg","friendlyURL":false,"availStatLinks":{"achievements":false,"global_achievements":false,"stats":false,"gcpd":false,"leaderboards":false,"global_leaderboards":false},"hours_forever":"70","last_played":1586007389},{"appid":939620,"name":"Pleasure Puzzle:Portrait","logo":"https:\/\/media.st.dl.pinyuncloud.com\/steam\/apps\/939620\/capsule_184x69.jpg","friendlyURL":939620,"availStatLinks":{"achievements":true,"global_achievements":true,"stats":false,"gcpd":false,"leaderboards":true,"global_leaderboards":true},"hours_forever":"70","last_played":1586007389},{"appid":814200,"name":"Simple Story - Alex","logo":"https:\/\/media.st.dl.pinyuncloud.com\/steam\/apps\/814200\/capsule_184x69.jpg","friendlyURL":814200,"availStatLinks":{"achievements":true,"global_achievements":true,"stats":false,"gcpd":false,"leaderboards":false,"global_leaderboards":false},"hours_forever":"70","last_played":1586007389},{"appid":797410,"name":"Headsnatchers","logo":"https:\/\/media.st.dl.pinyuncloud.com\/steam\/apps\/797410\/capsule_184x69.jpg","friendlyURL":797410,"availStatLinks":{"achievements":true,"global_achievements":true,"stats":false,"gcpd":false,"leaderboards":false,"global_leaderboards":false},"hours_forever":"70","last_played":1586007389},{"appid":760620,"name":"Deiland","logo":"https:\/\/media.st.dl.pinyuncloud.com\/steam\/apps\/760620\/capsule_184x69.jpg","friendlyURL":760620,"availStatLinks":{"achievements":true,"global_achievements":true,"stats":false,"gcpd":false,"leaderboards":false,"global_leaderboards":false},"hours_forever":"70","last_played":1586007389},{"appid":702150,"name":"Project Mercury","logo":"https:\/\/media.st.dl.pinyuncloud.com\/steam\/apps\/702150\/capsule_184x69.jpg","friendlyURL":702150,"availStatLinks":{"achievements":true,"global_achievements":true,"stats":false,"gcpd":false,"leaderboards":false,"global_leaderboards":false},"hours_forever":"70","last_played":1586007389},{"appid":1135570,"name":"Martian Law","logo":"https:\/\/media.st.dl.pinyuncloud.com\/steam\/apps\/1135570\/capsule_184x69.jpg","friendlyURL":1135570,"availStatLinks":{"achievements":true,"global_achievements":true,"stats":false,"gcpd":false,"leaderboards":true,"global_leaderboards":true},"hours_forever":"70","last_played":1586007389},{"appid":628950,"name":"Nephise Begins","logo":"https:\/\/media.st.dl.pinyuncloud.com\/steam\/apps\/628950\/capsule_184x69.jpg","friendlyURL":628950,"availStatLinks":{"achievements":true,"global_achievements":true,"stats":false,"gcpd":false,"leaderboards":false,"global_leaderboards":false},"hours_forever":"70","last_played":1586007389},{"appid":618140,"name":"Barro","logo":"https:\/\/media.st.dl.pinyuncloud.com\/steam\/apps\/618140\/capsule_184x69.jpg","friendlyURL":618140,"availStatLinks":{"achievements":true,"global_achievements":true,"stats":false,"gcpd":false,"leaderboards":false,"global_leaderboards":false},"hours_forever":"70","last_played":1586007389},{"appid":1158500,"name":"Between Two Castles - Digital Edition","logo":"https:\/\/media.st.dl.pinyuncloud.com\/steam\/apps\/1158500\/capsule_184x69.jpg","friendlyURL":false,"availStatLinks":{"achievements":false,"global_achievements":false,"stats":false,"gcpd":false,"leaderboards":false,"global_leaderboards":false},"hours_forever":"70","last_played":1586007389},{"appid":755790,"name":"Ring of Elysium","logo":"https:\/\/media.st.dl.pinyuncloud.com\/steam\/apps\/755790\/capsule_184x69.jpg","has_adult_content":1,"friendlyURL":755790,"availStatLinks":{"achievements":true,"global_achievements":true,"stats":false,"gcpd":false,"leaderboards":false,"global_leaderboards":false},"hours_forever":"58","last_played":1581676734},{"appid":994280,"name":"\u53e4\u5251\u5947\u8c2d\u4e09(Gujian3)","logo":"https:\/\/media.st.dl.pinyuncloud.com\/steam\/apps\/994280\/capsule_184x69.jpg","friendlyURL":994280,"availStatLinks":{"achievements":true,"global_achievements":true,"stats":false,"gcpd":false,"leaderboards":false,"global_leaderboards":false},"hours_forever":"58","last_played":1581676734},{"appid":876850,"name":"Princess Lili - \u4e3d\u4e3d\u516c\u4e3b","logo":"https:\/\/media.st.dl.pinyuncloud.com\/steam\/apps\/876850\/capsule_184x69.jpg","friendlyURL":876850,"availStatLinks":{"achievements":true,"global_achievements":true,"stats":false,"gcpd":false,"leaderboards":false,"global_leaderboards":false},"hours_forever":"42","last_played":1581612714},{"appid":578080,"name":"PLAYERUNKNOWN'S BATTLEGROUNDS","logo":"https:\/\/media.st.dl.pinyuncloud.com\/steam\/apps\/578080\/capsule_184x69.jpg","has_adult_content":1,"friendlyURL":578080,"availStatLinks":{"achievements":true,"global_achievements":true,"stats":false,"gcpd":false,"leaderboards":false,"global_leaderboards":false},"hours_forever":"41","last_played":1589955623},{"appid":724970,"name":"\u795e\u821e\u5e7b\u60f3 Faith of Danschant","logo":"https:\/\/media.st.dl.pinyuncloud.com\/steam\/apps\/724970\/capsule_184x69.jpg","friendlyURL":724970,"availStatLinks":{"achievements":true,"global_achievements":true,"stats":false,"gcpd":false,"leaderboards":false,"global_leaderboards":false},"hours_forever":"24","last_played":1583392238},{"appid":570780,"name":"\u53e4\u5251\u5947\u8c2d(GuJian)","logo":"https:\/\/media.st.dl.pinyuncloud.com\/steam\/apps\/570780\/capsule_184x69.jpg","friendlyURL":570780,"availStatLinks":{"achievements":true,"global_achievements":true,"stats":false,"gcpd":false,"leaderboards":false,"global_leaderboards":false},"hours_forever":"9.9","last_played":1581405440},{"appid":570770,"name":"\u53e4\u5251\u5947\u8c2d\u4e8c(GuJian2)","logo":"https:\/\/media.st.dl.pinyuncloud.com\/steam\/apps\/570770\/capsule_184x69.jpg","friendlyURL":570770,"availStatLinks":{"achievements":true,"global_achievements":true,"stats":false,"gcpd":false,"leaderboards":false,"global_leaderboards":false},"hours_forever":"6.2","last_played":1581430315},{"appid":1125480,"name":"\u521d\u604b\u65e5\u8bb0","logo":"https:\/\/media.st.dl.pinyuncloud.com\/steam\/apps\/1125480\/capsule_184x69.jpg","friendlyURL":1125480,"availStatLinks":{"achievements":true,"global_achievements":true,"stats":false,"gcpd":false,"leaderboards":false,"global_leaderboards":false},"hours_forever":"0.7","last_played":1586100811},{"appid":442120,"name":"Pinball FX3","logo":"https:\/\/media.st.dl.pinyuncloud.com\/steam\/apps\/442120\/capsule_184x69.jpg","friendlyURL":442120,"availStatLinks":{"achievements":true,"global_achievements":true,"stats":false,"gcpd":false,"leaderboards":false,"global_leaderboards":false},"hours_forever":"0.5","last_played":1586009228},{"appid":350300,"name":"Gang of Four","logo":"https:\/\/media.st.dl.pinyuncloud.com\/steam\/apps\/350300\/capsule_184x69.jpg","friendlyURL":350300,"availStatLinks":{"achievements":true,"global_achievements":true,"stats":false,"gcpd":false,"leaderboards":false,"global_leaderboards":false},"hours_forever":"0.5","last_played":1586009228},{"appid":348510,"name":"Autobahn Police Simulator","logo":"https:\/\/media.st.dl.pinyuncloud.com\/steam\/apps\/348510\/capsule_184x69.jpg","friendlyURL":348510,"availStatLinks":{"achievements":true,"global_achievements":true,"stats":false,"gcpd":false,"leaderboards":false,"global_leaderboards":false},"hours_forever":"0.5","last_played":1586009228},{"appid":956100,"name":"Lovers ' Smiles","logo":"https:\/\/media.st.dl.pinyuncloud.com\/steam\/apps\/956100\/capsule_184x69.jpg","friendlyURL":956100,"availStatLinks":{"achievements":true,"global_achievements":true,"stats":false,"gcpd":false,"leaderboards":false,"global_leaderboards":false},"hours_forever":"0.5","last_played":1586009228},{"appid":435790,"name":"10 Second Ninja X \/ 10\u79d2\u5fcd\u8005X","logo":"https:\/\/media.st.dl.pinyuncloud.com\/steam\/apps\/435790\/capsule_184x69.jpg","friendlyURL":435790,"availStatLinks":{"achievements":true,"global_achievements":true,"stats":false,"gcpd":false,"leaderboards":false,"global_leaderboards":false}},{"appid":468070,"name":"90 Minute Fever","logo":"https:\/\/media.st.dl.pinyuncloud.com\/steam\/apps\/468070\/capsule_184x69.jpg","friendlyURL":468070,"availStatLinks":{"achievements":true,"global_achievements":true,"stats":false,"gcpd":false,"leaderboards":false,"global_leaderboards":false}},{"appid":371140,"name":"Aegis Defenders","logo":"https:\/\/media.st.dl.pinyuncloud.com\/steam\/apps\/371140\/capsule_184x69.jpg","friendlyURL":371140,"availStatLinks":{"achievements":true,"global_achievements":true,"stats":false,"gcpd":false,"leaderboards":false,"global_leaderboards":false}},{"appid":727020,"name":"Arcade Moonlander","logo":"https:\/\/media.st.dl.pinyuncloud.com\/steam\/apps\/727020\/capsule_184x69.jpg","friendlyURL":727020,"availStatLinks":{"achievements":true,"global_achievements":true,"stats":false,"gcpd":false,"leaderboards":true,"global_leaderboards":true}},{"appid":407530,"name":"ARK: Survival Of The Fittest","logo":"https:\/\/media.st.dl.pinyuncloud.com\/steam\/apps\/407530\/capsule_184x69.jpg","friendlyURL":407530,"availStatLinks":{"achievements":true,"global_achievements":true,"stats":false,"gcpd":false,"leaderboards":false,"global_leaderboards":false}},{"appid":495600,"name":"Asteroid Fight","logo":"https:\/\/media.st.dl.pinyuncloud.com\/steam\/apps\/495600\/capsule_184x69.jpg","friendlyURL":495600,"availStatLinks":{"achievements":true,"global_achievements":true,"stats":false,"gcpd":false,"leaderboards":false,"global_leaderboards":false}},{"appid":1287260,"name":"BarnFinders: The Pilot","logo":"https:\/\/media.st.dl.pinyuncloud.com\/steam\/apps\/1287260\/capsule_184x69.jpg","friendlyURL":false,"availStatLinks":{"achievements":false,"global_achievements":false,"stats":false,"gcpd":false,"leaderboards":false,"global_leaderboards":false}},{"appid":1289500,"name":"BattleParty","logo":"https:\/\/media.st.dl.pinyuncloud.com\/steam\/apps\/1289500\/capsule_184x69.jpg","friendlyURL":1289500,"availStatLinks":{"achievements":true,"global_achievements":true,"stats":false,"gcpd":false,"leaderboards":true,"global_leaderboards":true}},{"appid":1284240,"name":"Black Book: Prologue","logo":"https:\/\/media.st.dl.pinyuncloud.com\/steam\/apps\/1284240\/capsule_184x69.jpg","friendlyURL":1284240,"availStatLinks":{"achievements":true,"global_achievements":true,"stats":false,"gcpd":false,"leaderboards":false,"global_leaderboards":false}},{"appid":1286530,"name":"Black Skylands: Origins","logo":"https:\/\/media.st.dl.pinyuncloud.com\/steam\/apps\/1286530\/capsule_184x69.jpg","friendlyURL":1286530,"availStatLinks":{"achievements":true,"global_achievements":true,"stats":false,"gcpd":false,"leaderboards":false,"global_leaderboards":false}},{"appid":995880,"name":"BLOCK Multiplayer RPG","logo":"https:\/\/media.st.dl.pinyuncloud.com\/steam\/apps\/995880\/capsule_184x69.jpg","friendlyURL":995880,"availStatLinks":{"achievements":true,"global_achievements":true,"stats":false,"gcpd":false,"leaderboards":false,"global_leaderboards":false}},{"appid":1293880,"name":"Boo's Balloons","logo":"https:\/\/media.st.dl.pinyuncloud.com\/steam\/apps\/1293880\/capsule_184x69.jpg","friendlyURL":false,"availStatLinks":{"achievements":false,"global_achievements":false,"stats":false,"gcpd":false,"leaderboards":false,"global_leaderboards":false}},{"appid":1288030,"name":"BoxxyQuest: The Gathering Storm","logo":"https:\/\/media.st.dl.pinyuncloud.com\/steam\/apps\/1288030\/capsule_184x69.jpg","friendlyURL":1288030,"availStatLinks":{"achievements":true,"global_achievements":true,"stats":false,"gcpd":false,"leaderboards":false,"global_leaderboards":false}},{"appid":1052920,"name":"Caelus Trident","logo":"https:\/\/media.st.dl.pinyuncloud.com\/steam\/apps\/1052920\/capsule_184x69.jpg","friendlyURL":false,"availStatLinks":{"achievements":false,"global_achievements":false,"stats":false,"gcpd":false,"leaderboards":false,"global_leaderboards":false}},{"appid":801760,"name":"City Monsters","logo":"https:\/\/media.st.dl.pinyuncloud.com\/steam\/apps\/801760\/capsule_184x69.jpg","friendlyURL":801760,"availStatLinks":{"achievements":true,"global_achievements":true,"stats":false,"gcpd":false,"leaderboards":false,"global_leaderboards":false}},{"appid":205790,"name":"Dota 2 Test","logo":"https://cdn.jsdelivr.net/gh/IMGRU/IMG/2020/05/28/5ece9990c9be7.jpg","friendlyURL":205790,"availStatLinks":{"achievements":true,"global_achievements":true,"stats":false,"gcpd":true,"leaderboards":false,"global_leaderboards":false}},{"appid":822540,"name":"Escape From Tethys","logo":"https:\/\/media.st.dl.pinyuncloud.com\/steam\/apps\/822540\/capsule_184x69.jpg","friendlyURL":822540,"availStatLinks":{"achievements":true,"global_achievements":true,"stats":false,"gcpd":false,"leaderboards":false,"global_leaderboards":false}},{"appid":890690,"name":"Forgotten World","logo":"https:\/\/media.st.dl.pinyuncloud.com\/steam\/apps\/890690\/capsule_184x69.jpg","friendlyURL":890690,"availStatLinks":{"achievements":true,"global_achievements":true,"stats":false,"gcpd":false,"leaderboards":false,"global_leaderboards":false}},{"appid":1078000,"name":"Gamecraft","logo":"https:\/\/media.st.dl.pinyuncloud.com\/steam\/apps\/1078000\/capsule_184x69.jpg","friendlyURL":1078000,"availStatLinks":{"achievements":true,"global_achievements":true,"stats":false,"gcpd":false,"leaderboards":false,"global_leaderboards":false}},{"appid":1135760,"name":"Grab the Mask","logo":"https:\/\/media.st.dl.pinyuncloud.com\/steam\/apps\/1135760\/capsule_184x69.jpg","friendlyURL":false,"availStatLinks":{"achievements":false,"global_achievements":false,"stats":false,"gcpd":false,"leaderboards":false,"global_leaderboards":false}},{"appid":877150,"name":"Gravity Wars","logo":"https:\/\/media.st.dl.pinyuncloud.com\/steam\/apps\/877150\/capsule_184x69.jpg","friendlyURL":877150,"availStatLinks":{"achievements":true,"global_achievements":true,"stats":false,"gcpd":false,"leaderboards":false,"global_leaderboards":false}},{"appid":1285980,"name":"Have a N.I.C.E day! Soundtrack","logo":"https:\/\/media.st.dl.pinyuncloud.com\/steam\/apps\/1285980\/capsule_184x69.jpg","friendlyURL":1285980,"availStatLinks":{"achievements":true,"global_achievements":true,"stats":false,"gcpd":false,"leaderboards":false,"global_leaderboards":false}},{"appid":696760,"name":"HoloLAB Champions","logo":"https:\/\/media.st.dl.pinyuncloud.com\/steam\/apps\/696760\/capsule_184x69.jpg","friendlyURL":696760,"availStatLinks":{"achievements":true,"global_achievements":true,"stats":false,"gcpd":false,"leaderboards":false,"global_leaderboards":false}},{"appid":1283830,"name":"Impact","logo":"https:\/\/media.st.dl.pinyuncloud.com\/steam\/apps\/1283830\/capsule_184x69.jpg","friendlyURL":false,"availStatLinks":{"achievements":false,"global_achievements":false,"stats":false,"gcpd":false,"leaderboards":false,"global_leaderboards":false}},{"appid":274980,"name":"Influent","logo":"https:\/\/media.st.dl.pinyuncloud.com\/steam\/apps\/274980\/capsule_184x69.jpg","friendlyURL":274980,"availStatLinks":{"achievements":true,"global_achievements":true,"stats":false,"gcpd":false,"leaderboards":false,"global_leaderboards":false}},{"appid":286963,"name":"Influent DLC - Fran\u00e7ais [Learn French]","logo":"https:\/\/media.st.dl.pinyuncloud.com\/steam\/apps\/286963\/capsule_184x69.jpg","friendlyURL":false,"availStatLinks":{"achievements":false,"global_achievements":false,"stats":false,"gcpd":false,"leaderboards":false,"global_leaderboards":false}},{"appid":297841,"name":"Influent DLC - Italiano [Learn Italian]","logo":"https:\/\/media.st.dl.pinyuncloud.com\/steam\/apps\/297841\/capsule_184x69.jpg","friendlyURL":false,"availStatLinks":{"achievements":false,"global_achievements":false,"stats":false,"gcpd":false,"leaderboards":false,"global_leaderboards":false}},{"appid":286971,"name":"Influent DLC - \ud55c\uad6d\uc5b4 [Learn Korean]","logo":"https:\/\/media.st.dl.pinyuncloud.com\/steam\/apps\/286971\/capsule_184x69.jpg","friendlyURL":false,"availStatLinks":{"achievements":false,"global_achievements":false,"stats":false,"gcpd":false,"leaderboards":false,"global_leaderboards":false}},{"appid":579110,"name":"Interkosmos","logo":"https:\/\/media.st.dl.pinyuncloud.com\/steam\/apps\/579110\/capsule_184x69.jpg","friendlyURL":579110,"availStatLinks":{"achievements":true,"global_achievements":true,"stats":false,"gcpd":false,"leaderboards":false,"global_leaderboards":false}},{"appid":1287310,"name":"Juiced!","logo":"https:\/\/media.st.dl.pinyuncloud.com\/steam\/apps\/1287310\/capsule_184x69.jpg","friendlyURL":1287310,"availStatLinks":{"achievements":true,"global_achievements":true,"stats":false,"gcpd":false,"leaderboards":false,"global_leaderboards":false}},{"appid":699240,"name":"Keyboard Killers","logo":"https:\/\/media.st.dl.pinyuncloud.com\/steam\/apps\/699240\/capsule_184x69.jpg","friendlyURL":699240,"availStatLinks":{"achievements":true,"global_achievements":true,"stats":false,"gcpd":false,"leaderboards":false,"global_leaderboards":false}},{"appid":1020330,"name":"Khan VS Kahn","logo":"https:\/\/media.st.dl.pinyuncloud.com\/steam\/apps\/1020330\/capsule_184x69.jpg","friendlyURL":1020330,"availStatLinks":{"achievements":true,"global_achievements":true,"stats":false,"gcpd":false,"leaderboards":false,"global_leaderboards":false}},{"appid":1291500,"name":"Kill It With Fire: IGNITION","logo":"https:\/\/media.st.dl.pinyuncloud.com\/steam\/apps\/1291500\/capsule_184x69.jpg","friendlyURL":1291500,"availStatLinks":{"achievements":true,"global_achievements":true,"stats":false,"gcpd":false,"leaderboards":false,"global_leaderboards":false}},{"appid":1008690,"name":"Lost Daughter","logo":"https:\/\/media.st.dl.pinyuncloud.com\/steam\/apps\/1008690\/capsule_184x69.jpg","friendlyURL":1008690,"availStatLinks":{"achievements":true,"global_achievements":true,"stats":false,"gcpd":false,"leaderboards":false,"global_leaderboards":false}},{"appid":1059690,"name":"Make Route: Escape the police","logo":"https:\/\/media.st.dl.pinyuncloud.com\/steam\/apps\/1059690\/capsule_184x69.jpg","friendlyURL":1059690,"availStatLinks":{"achievements":true,"global_achievements":true,"stats":false,"gcpd":false,"leaderboards":false,"global_leaderboards":false}},{"appid":682250,"name":"Mayas' Virtual Brush","logo":"https:\/\/media.st.dl.pinyuncloud.com\/steam\/apps\/682250\/capsule_184x69.jpg","friendlyURL":682250,"availStatLinks":{"achievements":true,"global_achievements":true,"stats":false,"gcpd":false,"leaderboards":false,"global_leaderboards":false}},{"appid":845650,"name":"Meteor Shower","logo":"https:\/\/media.st.dl.pinyuncloud.com\/steam\/apps\/845650\/capsule_184x69.jpg","friendlyURL":false,"availStatLinks":{"achievements":false,"global_achievements":false,"stats":false,"gcpd":false,"leaderboards":false,"global_leaderboards":false}},{"appid":825190,"name":"MisBits","logo":"https:\/\/media.st.dl.pinyuncloud.com\/steam\/apps\/825190\/capsule_184x69.jpg","friendlyURL":825190,"availStatLinks":{"achievements":true,"global_achievements":true,"stats":false,"gcpd":false,"leaderboards":false,"global_leaderboards":false}},{"appid":1101930,"name":"Monsters of Little Haven","logo":"https:\/\/media.st.dl.pinyuncloud.com\/steam\/apps\/1101930\/capsule_184x69.jpg","friendlyURL":1101930,"availStatLinks":{"achievements":true,"global_achievements":true,"stats":false,"gcpd":false,"leaderboards":false,"global_leaderboards":false}},{"appid":1286440,"name":"N.I.C.E. 2 Soundtrack","logo":"https:\/\/media.st.dl.pinyuncloud.com\/steam\/apps\/1286440\/capsule_184x69.jpg","friendlyURL":false,"availStatLinks":{"achievements":false,"global_achievements":false,"stats":false,"gcpd":false,"leaderboards":false,"global_leaderboards":false}},{"appid":937950,"name":"Not in Heaven","logo":"https:\/\/media.st.dl.pinyuncloud.com\/steam\/apps\/937950\/capsule_184x69.jpg","friendlyURL":false,"availStatLinks":{"achievements":false,"global_achievements":false,"stats":false,"gcpd":false,"leaderboards":false,"global_leaderboards":false}},{"appid":1284640,"name":"Oh My Girl \/ \u6211\u7684\u5973\u5b69 Soundtrack","logo":"https:\/\/media.st.dl.pinyuncloud.com\/steam\/apps\/1284640\/capsule_184x69.jpg","friendlyURL":false,"availStatLinks":{"achievements":false,"global_achievements":false,"stats":false,"gcpd":false,"leaderboards":false,"global_leaderboards":false}},{"appid":441380,"name":"PAC-MAN\u2122 CHAMPIONSHIP EDITION 2","logo":"https:\/\/media.st.dl.pinyuncloud.com\/steam\/apps\/441380\/capsule_184x69.jpg","friendlyURL":441380,"availStatLinks":{"achievements":true,"global_achievements":true,"stats":false,"gcpd":false,"leaderboards":false,"global_leaderboards":false}},{"appid":349540,"name":"PeriAreion","logo":"https:\/\/media.st.dl.pinyuncloud.com\/steam\/apps\/349540\/capsule_184x69.jpg","friendlyURL":349540,"availStatLinks":{"achievements":true,"global_achievements":true,"stats":false,"gcpd":false,"leaderboards":false,"global_leaderboards":false}},{"appid":368180,"name":"Polyball","logo":"https:\/\/media.st.dl.pinyuncloud.com\/steam\/apps\/368180\/capsule_184x69.jpg","friendlyURL":368180,"availStatLinks":{"achievements":true,"global_achievements":true,"stats":false,"gcpd":false,"leaderboards":false,"global_leaderboards":false}},{"appid":1241100,"name":"POLYGON","logo":"https:\/\/media.st.dl.pinyuncloud.com\/steam\/apps\/1241100\/capsule_184x69.jpg","friendlyURL":false,"availStatLinks":{"achievements":false,"global_achievements":false,"stats":false,"gcpd":false,"leaderboards":false,"global_leaderboards":false}},{"appid":1287100,"name":"Ready? Set. Haiya!","logo":"https:\/\/media.st.dl.pinyuncloud.com\/steam\/apps\/1287100\/capsule_184x69.jpg","friendlyURL":false,"availStatLinks":{"achievements":false,"global_achievements":false,"stats":false,"gcpd":false,"leaderboards":false,"global_leaderboards":false}},{"appid":680360,"name":"Regions Of Ruin","logo":"https:\/\/media.st.dl.pinyuncloud.com\/steam\/apps\/680360\/capsule_184x69.jpg","friendlyURL":680360,"availStatLinks":{"achievements":true,"global_achievements":true,"stats":false,"gcpd":false,"leaderboards":false,"global_leaderboards":false}},{"appid":1112840,"name":"Shelter in Place","logo":"https:\/\/media.st.dl.pinyuncloud.com\/steam\/apps\/1112840\/capsule_184x69.jpg","friendlyURL":false,"availStatLinks":{"achievements":false,"global_achievements":false,"stats":false,"gcpd":false,"leaderboards":false,"global_leaderboards":false}},{"appid":1076280,"name":"Showdown Bandit","logo":"https:\/\/media.st.dl.pinyuncloud.com\/steam\/apps\/1076280\/capsule_184x69.jpg","friendlyURL":1076280,"availStatLinks":{"achievements":true,"global_achievements":true,"stats":false,"gcpd":false,"leaderboards":false,"global_leaderboards":false}},{"appid":1103320,"name":"Snow Arena","logo":"https:\/\/media.st.dl.pinyuncloud.com\/steam\/apps\/1103320\/capsule_184x69.jpg","friendlyURL":1103320,"availStatLinks":{"achievements":true,"global_achievements":true,"stats":false,"gcpd":false,"leaderboards":false,"global_leaderboards":false}},{"appid":1291360,"name":"Spark & Sparkle Soundtrack","logo":"https:\/\/media.st.dl.pinyuncloud.com\/steam\/apps\/1291360\/capsule_184x69.jpg","friendlyURL":false,"availStatLinks":{"achievements":false,"global_achievements":false,"stats":false,"gcpd":false,"leaderboards":false,"global_leaderboards":false}},{"appid":749050,"name":"The 111th Soul","logo":"https:\/\/media.st.dl.pinyuncloud.com\/steam\/apps\/749050\/capsule_184x69.jpg","friendlyURL":749050,"availStatLinks":{"achievements":true,"global_achievements":true,"stats":false,"gcpd":false,"leaderboards":false,"global_leaderboards":false}},{"appid":1000510,"name":"The Marvellous Machine","logo":"https:\/\/media.st.dl.pinyuncloud.com\/steam\/apps\/1000510\/capsule_184x69.jpg","friendlyURL":false,"availStatLinks":{"achievements":false,"global_achievements":false,"stats":false,"gcpd":false,"leaderboards":false,"global_leaderboards":false}},{"appid":600430,"name":"Ticket to Ride: First Journey","logo":"https:\/\/media.st.dl.pinyuncloud.com\/steam\/apps\/600430\/capsule_184x69.jpg","friendlyURL":600430,"availStatLinks":{"achievements":true,"global_achievements":true,"stats":false,"gcpd":false,"leaderboards":false,"global_leaderboards":false}},{"appid":835950,"name":"Transpose","logo":"https:\/\/media.st.dl.pinyuncloud.com\/steam\/apps\/835950\/capsule_184x69.jpg","friendlyURL":835950,"availStatLinks":{"achievements":true,"global_achievements":true,"stats":false,"gcpd":false,"leaderboards":false,"global_leaderboards":false}},{"appid":1286610,"name":"Until You Fall - A Swordwave OST","logo":"https:\/\/media.st.dl.pinyuncloud.com\/steam\/apps\/1286610\/capsule_184x69.jpg","friendlyURL":1286610,"availStatLinks":{"achievements":true,"global_achievements":true,"stats":false,"gcpd":false,"leaderboards":false,"global_leaderboards":false}},{"appid":848550,"name":"Welcome Back To 2007 2","logo":"https:\/\/media.st.dl.pinyuncloud.com\/steam\/apps\/848550\/capsule_184x69.jpg","friendlyURL":848550,"availStatLinks":{"achievements":true,"global_achievements":true,"stats":false,"gcpd":false,"leaderboards":false,"global_leaderboards":false}},{"appid":640890,"name":"Will Glow the Wisp","logo":"https:\/\/media.st.dl.pinyuncloud.com\/steam\/apps\/640890\/capsule_184x69.jpg","friendlyURL":640890,"availStatLinks":{"achievements":true,"global_achievements":true,"stats":false,"gcpd":false,"leaderboards":false,"global_leaderboards":false}},{"appid":1284910,"name":"Zatorski, Ph.D. Soundtrack","logo":"https:\/\/media.st.dl.pinyuncloud.com\/steam\/apps\/1284910\/capsule_184x69.jpg","friendlyURL":false,"availStatLinks":{"achievements":false,"global_achievements":false,"stats":false,"gcpd":false,"leaderboards":false,"global_leaderboards":false}},{"appid":1084530,"name":"Zone 10","logo":"https:\/\/media.st.dl.pinyuncloud.com\/steam\/apps\/1084530\/capsule_184x69.jpg","friendlyURL":false,"availStatLinks":{"achievements":false,"global_achievements":false,"stats":false,"gcpd":false,"leaderboards":false,"global_leaderboards":false}},{"appid":1289020,"name":"\u4e03\u6218","logo":"https:\/\/media.st.dl.pinyuncloud.com\/steam\/apps\/1289020\/capsule_184x69.jpg","friendlyURL":false,"availStatLinks":{"achievements":false,"global_achievements":false,"stats":false,"gcpd":false,"leaderboards":false,"global_leaderboards":false}},{"appid":34330,"name":"\u5168\u9762\u6218\u4e89\uff1a\u5e55\u5e9c\u5c06\u519b2","logo":"https:\/\/media.st.dl.pinyuncloud.com\/steam\/apps\/34330\/capsule_184x69.jpg","friendlyURL":"Shogun2","availStatLinks":{"achievements":true,"global_achievements":true,"stats":false,"gcpd":false,"leaderboards":false,"global_leaderboards":false}},{"appid":1289050,"name":"\u7a7f\u8d8a\u8054\u76df","logo":"https:\/\/media.st.dl.pinyuncloud.com\/steam\/apps\/1289050\/capsule_184x69.jpg","friendlyURL":false,"availStatLinks":{"achievements":false,"global_achievements":false,"stats":false,"gcpd":false,"leaderboards":false,"global_leaderboards":false}},{"appid":1289980,"name":"\u957f\u6b4c\u884c","logo":"https:\/\/media.st.dl.pinyuncloud.com\/steam\/apps\/1289980\/capsule_184x69.jpg","friendlyURL":false,"availStatLinks":{"achievements":false,"global_achievements":false,"stats":false,"gcpd":false,"leaderboards":false,"global_leaderboards":false}}]